Species;Family;Order;Class;Phylum;Kingdom
Abelmoschus moschatus;Malvaceae;Fabales;Magnoliopsida;Magnoliophyta;Plantae
Abrus precatorius;Fabaceae;Fabales;Magnoliopsida;Magnoliophyta;Plantae
Acacia concinna;Fabaceae;Fabales;Magnoliopsida;Magnoliophyta;Plantae
Acacia confusa;Fabaceae;Fabales;Magnoliopsida;Magnoliophyta;Plantae
Acacia farnesiana;Fabaceae;Fabales;Magnoliopsida;Magnoliophyta;Plantae
Acacia longifolia;Fabaceae;Fabales;Magnoliopsida;Magnoliophyta;Plantae
Acacia mangium;Fabaceae;Fabales;Magnoliopsida;Magnoliophyta;Plantae
Acacia mearnsii;Fabaceae;Fabales;Magnoliopsida;Magnoliophyta;Plantae
Acacia melanoxylon;Fabaceae;Fabales;Magnoliopsida;Magnoliophyta;Plantae
Acacia nilotica;Fabaceae;Fabales;Magnoliopsida;Magnoliophyta;Plantae
Acacia retinodes;Fabaceae;Fabales;Magnoliopsida;Magnoliophyta;Plantae
Acacia saligna;Fabaceae;Fabales;Magnoliopsida;Magnoliophyta;Plantae
Acanthaster planci;Acanthasteridae;Spinulosida;Asteroidea;Echinodermata;Animalia
Acanthocereus tetragonus;Cactacea;Caryophyllales;Magnoliopsida;Magnoliophyta;Plantae
Acanthogobius flavimanus;Gobiidae;Perciformes;Actinopterygii;Chordata;Animalia
Acanthophora spicifera;Rhodomelaceae;Ceramiales;Florideophiceae;Rhodophyta;Plantae
Acanthus mollis;Acanthaceae;Scrophulariales;Magnoliopsida;Magnoliophyta;Plantae
Acer ginnala;Aceraceae;Sapindales;Magnoliopsida;Magnoliophyta;Plantae
Acer platanoides;Aceraceae;Sapindales;Magnoliopsida;Magnoliophyta;Plantae
Achatina fulica;Achatinidae;Stylommatophora;Gastropoda;Mollusca;Animalia
Acnemia bifida;	Mycetophilidae;Diptera;Insecta;Arthropoda;Animalia
Acridotheres fuscus;Sturnidae;Passeriformes;Aves;Chordata;Animalia
Acridotheres tristis;Sturnidae;Passeriformes;Aves;Chordata;Animalia
Acromyrmex octospinosus;Formicidae;Hymenoptera;Insecta;Arthropoda;Animalia
Adelges piceae;Adelgidae;Homoptera;Insecta;Arthropoda;Animalia
Adelges tsugae;Adelgidae;Homoptera;Insecta;Arthropoda;Animalia
Adenanthera pavonina;Fabaceae;Fabales;Magnoliopsida;Magnoliophyta;Plantae
Aedes aegypti;Culicidae;Diptera;Insecta;Arthropoda;Animalia
Aedes albopictus;Culicidae;Diptera;Insecta;Arthropoda;Animalia
Aegilops triuncialis;Poaceae;Cyperales;Liliopsida;Magnoliophyta;Plantae
Agapanthus praecox;Liliaceae;Liliales;Liliopsida;Magnoliophyta;Plantae
Agave americana;Agavaceae;Liliales;Liliopsida;Magnoliophyta;Plantae
Agave sisalana;Agavaceae;Liliales;Liliopsida;Magnoliophyta;Plantae
Ageratina adenophora;Asteraceae;Asterales;Magnoliopsida;Magnoliophyta;Plantae
Ageratina riparia;Asteraceae;Asterales;Magnoliopsida;Magnoliophyta;Plantae
Ageratum conyzoides;Asteraceae;Asterales;Magnoliopsida;Magnoliophyta;Plantae
Agrilus planipennis;Buprestidae;Coleoptera;Insecta;Arthropoda;Animalia
Agrostis capillaris;Poaceae;Cyperales;Liliopsida;Magnoliophyta;Plantae
Agrostis gigantea;Poaceae;Cyperales;Liliopsida;Magnoliophyta;Plantae
Ailanthus altissima;Simaroubaceae;Sapindales;Magnoliopsida;Magnoliophyta;Plantae
Akebia quinata;Lardizabalaceae;Ranunculales;Magnoliopsida;Magnoliophyta;Plantae
Albizia julibrissin;Fabaceae;Fabales;Magnoliopsida;Magnoliophyta;Plantae
Albizia lebbeck;Fabaceae;Fabales;Magnoliopsida;Magnoliophyta;Plantae
Alectoris chukar;Phasianidae;Galliformes;Aves;Chordata;Animalia
Aleurites moluccana;Euphorbiaceae;Euphorbiales;Magnoliopsida;Magnoliophyta;Plantae
Alexandrium minutum;Goniodomataceae;Gonyaulacales;Dinophyceae;Pyrrophycophyta;Plantae
Alitta succinea;Nereididae;Aciculata;Polychaeta;Annelida;Animalia
Alliaria petiolata;Brassicaceae;Capparales;Magnoliopsida;Magnoliophyta;Plantae
Alnus glutinosa;Betulaceae;Fagales;Magnoliopsida;Magnoliophyta;Plantae
Alosa pseudoharengus;Clupeidae;Clupeiformes;Actinopterygii;Chordata;Animalia
Alpinia zerumbet;Zingiberaceae;Zingiberales;Liliopsida;Magnoliophyta;Plantae
Alternanthera philoxeroides;Amaranthaceae;Caryophyllales;Magnoliopsida;Magnoliophyta;Plantae
Alternanthera sessilis;Amaranthaceae;Caryophyllales;Magnoliopsida;Magnoliophyta;Plantae
Amazona aestiva;Psittacidae;Psittaciformes;Aves;Chordata;Animalia
Ambrosia artemisiifolia;Asteraceae;Asterales;Magnoliopsida;Magnoliophyta;Plantae
Ameiurus nebulosus;Ictaluridae;Siluriformes;Actinopterygii;Chordata;Animalia
Ammophila arenaria;Poaceae;Cyperales;Liliopsida;Magnoliophyta;Plantae
Ammotragus lervia;Bovidae;Artiodactyla;Mammalia;Chordata;Animalia
Ampelopsis brevipedunculata;Vitaceae;Rhamnales;Magnoliopsida;Magnoliophyta;Plantae
Anas platyrhynchos;Anatidae;Anseriformes;Aves;Chordata;Animalia
Andropogon virginicus;Poaceae;Cyperales;Liliopsida;Magnoliophyta;Plantae
Angiopteris evecta;Marattiaceae;Marattiales;Filicopsida;Pteridophyta;Plantae
Annona glabra;Annonaceae;Magnoliales;Magnoliopsida;Magnoliophyta;Plantae
Annona squamosa;Annonaceae;Magnoliales;Magnoliopsida;Magnoliophyta;Plantae
Anolis aeneus;Polychrotidae;Squamata;Reptilia;Chordata;Animalia
Anopheles quadrimaculatus;Culicidae;Diptera;Insecta;Arthropoda;Animalia
Anoplolepis gracilipes;Formicidae;Hymenoptera;Insecta;Arthropoda;Animalia
Anoplophora chinensis;Cerambycidae;Coleoptera;Insecta;Arthropoda;Animalia
Anoplophora glabripennis;Cerambycidae;Coleoptera;Insecta;Arthropoda;Animalia
Anredera cordifolia;Basellaceae;Caryophyllales;Magnoliopsida;Magnoliophyta;Plantae
Anser anser;Anatidae;Anseriformes;Aves;Chordata;Animalia
Anthonomus grandis;Curculionidae;Coleoptera;Insecta;Arthropoda;Animalia
Antidesma bunias;Euphorbiaceae;Euphorbiales;Magnoliopsida;Magnoliophyta;Plantae
Antigonon leptopus;Pontederiaceae;Liliales;Liliopsida;Magnoliophyta;Plantae
Aphanomyces astaci;Saprolegniaceae;Saprolegniales;Phycomycota;Myxomycota;Fungi
Apis mellifera scutellata;Apiidae;Hymenoptera;Insecta;Arthropoda;Animalia
Archontophoenix cunninghamiana;Arecaceae;Arecales;Liliopsida;Magnoliophyta;Plantae
Ardisia acuminata;Myrsinaceae;Primulales;Magnoliopsida;Magnoliophyta;Plantae
Ardisia crenata;Myrsinaceae;Primulales;Magnoliopsida;Magnoliophyta;Plantae
Ardisia elliptica;Myrsinaceae;Primulales;Magnoliopsida;Magnoliophyta;Plantae
Arundo donax;Poaceae;Cyperales;Liliopsida;Magnoliophyta;Plantae
Ascidiella aspersa;Ascidiidae;Enterogona;Ascidiacea;Chordata;Animalia
Asparagus densiflorus;Liliaceae;Liliales;Liliopsida;Magnoliophyta;Plantae
Asparagus officinalis;Liliaceae;Liliales;Liliopsida;Magnoliophyta;Plantae
Asterias amurensis;Asteriidae;Forcipulatida;Asteroidea;Echinodermata;Animalia
Asystasia gangetica;Acanthaceae;Scrophulariales;Magnoliopsida;Magnoliophyta;Plantae
Aulacaspis yasumatsui;Diaspididae;Hemiptera;Insecta;Arthropoda;Animalia
Austroeupatorium inulifolium;Eupatorieae;Asterales;Magnoliopsida;Magnoliophyta;Plantae
Axis axis;Cervidae;Artiodactyla;Mammalia;Chordata;Animalia
Azolla pinnata;Azollaceae;Hydropteridales;Filicopsida;Pteridophyta;Plantae
Bacopa monnieri;Scrophulariaceae;Scrophulariales;Magnoliopsida;Magnoliophyta;Plantae
Bactrocera tryoni;Tephritidae;Diptera;Insecta;Arthropoda;Animalia
Bambusa vulgaris;Poaceae;Cyperales;Liliopsida;Magnoliophyta;Plantae
Batillaria attramentaria;Batillariidae;Neotaenioglossa;Gastropoda;Mollusca;Animalia
Begonia cucullata;Begoniaceae;Violales;Magnoliopsida;Magnoliophyta;Plantae
Bellis perennis;Asteraceae;Asterales;Magnoliopsida;Magnoliophyta;Plantae
Bemisia tabaci;Aleyrodidae;Homoptera;Insecta;Arthropoda;Animalia
Berberis buxifolia;Berberidaceae;Ranunculales;Magnoliopsida;Magnoliophyta;Plantae
Berberis darwinii;Berberidaceae;Ranunculales;Magnoliopsida;Magnoliophyta;Plantae
Berberis thunbergii;Berberidaceae;Ranunculales;Magnoliopsida;Magnoliophyta;Plantae
Bidens pilosa;Asteraceae;Asterales;Magnoliopsida;Magnoliophyta;Plantae
Boa constrictor imperator;Boidae;Squamata;Reptilia;Chordata;Animalia
Boehmeria penduliflora;Urticaceae;Urticales;Magnoliopsida;Magnoliophyta;Plantae
Boiga irregularis;Colubridae;Squamata;Reptilia;Chordata;Animalia
Boonea bisuturalis;Pyrmidellidae;Heterostropha;Gastropoda;Mollusca;Animalia
Bos taurus;Bovidae;Artiodactyla;Mammalia;Chordata;Animalia
Bothriochloa pertusa;Poaceae;Cyperales;Liliopsida;Magnoliophyta;Plantae
Bradypus variegatus;Bradypodidae;Pilosa;Mammalia;Chordata;Animalia
Branta canadensis;Anatidae;Anseriformes;Aves;Chordata;Animalia
Brassica elongata;Brassicaceae;Capparales;Magnoliopsida;Magnoliophyta;Plantae
Brassica tournefortii;Brassicaceae;Capparales;Magnoliopsida;Magnoliophyta;Plantae
Bromus inermis;Poaceae;Cyperales;Liliopsida;Magnoliophyta;Plantae
Bromus rubens;Poaceae;Cyperales;Liliopsida;Magnoliophyta;Plantae
Bromus tectorum;Poaceae;Cyperales;Liliopsida;Magnoliophyta;Plantae
Brontispa longissima;Chrysomelidae;Coleoptera;Insecta;Arthropoda;Animalia
Bubalus bubalis;Bovidae;Artiodactyla;Mammalia;Chordata;Animalia
Bubo virginianus;Strigidae;Strigiformes;Aves;Chordata;Animalia
Bubulcus ibis;Ardeidae;Ciconiiformes;Aves;Chordata;Animalia
Buddleja davidii;Buddlejaceae;Scrophulariales;Magnoliopsida;Magnoliophyta;Plantae
Buddleja madagascariensis;Buddlejaceae;Scrophulariales;Magnoliopsida;Magnoliophyta;Plantae
Bugula neritina;Bugulidae;Cheilostomata;Gymnolaemata;Ectoprocta;Animalia
Bursaphelenchus xylophilus;Aphelenchidae;Aphelenchida;Secernentea;Nemata;Animalia
Butomus umbellatus;Butomaceae;Alismatales;Liliopsida;Magnoliophyta;Plantae
Bythotrephes longimanus;Cercopagidae;Diplostraca;Branchiopoda;Arthropoda;Animalia
Cabomba caroliniana;Cabombaceae;Nymphaeales;Magnoliopsida;Magnoliophyta;Plantae
Cactoblastis cactorum;Pyralidae;Lepidoptera;Insecta;Arthropoda;Animalia
Caesalpinia decapetala;Fabaceae;Fabales;Magnoliopsida;Magnoliophyta;Plantae
Caiman crocodilus;Alligatoridae;Crocodilia;Reptilia;Chordata;Animalia
Calliphora vicina;Calliphoridae;Diptera;Insecta;Arthropoda;Animalia
Callithrix geoffroyi;Callitrichidae;Primates;Mammalia;Chordata;Animalia
Callithrix jacchus;Callitrichidae;Primates;Mammalia;Chordata;Animalia
Callithrix penicillata;Callitrichidae;Primates;Mammalia;Chordata;Animalia
Calluna vulgaris;Ericaceae;Ericales;Magnoliopsida;Magnoliophyta;Plantae
Camelina sativa;Brassicaceae;Capparales;Magnoliopsida;Magnoliophyta;Plantae
Camelus dromedarius;Camelidae;Artiodactyla;Mammalia;Chordata;Animalia
Candidatus Liberibacter africanus;Rhizobiaceae;Rhizobiales;Alphaproteobacteria;Proteobacteria;Monera
Candidatus Liberibacter americanus;Rhizobiaceae;Rhizobiales;Alphaproteobacteria;Proteobacteria;Monera
Candidatus Liberibacter asiaticus;Rhizobiaceae;Rhizobiales;Alphaproteobacteria;Proteobacteria;Monera
Canis latrans;Canidae;Carnivora;Mammalia;Chordata;Animalia
Canis lupus;Canidae;Carnivora;Mammalia;Chordata;Animalia
Canna indica;Cannaceae;Zingiberales;Liliopsida;Magnoliophyta;Plantae
Capra hircus;Bovidae;Artiodactyla;Mammalia;Chordata;Animalia
Carassius auratus;Cyprinidae;Cypriniformes;Actinopterygii;Chordata;Animalia
Carcinus maenas;Portunidae;Decapoda;Malacostraca;Arthropoda;Animalia
Cardamine flexuosa;Brassicaceae;Capparales;Magnoliopsida;Magnoliophyta;Plantae
Cardamine glacialis;Brassicaceae;Capparales;Magnoliopsida;Magnoliophyta;Plantae
Cardiospermum grandiflorum;Sapindaceae;Sapindales;Magnoliopsida;Magnoliophyta;Plantae
Carduus nutans;Asteraceae;Asterales;Magnoliopsida;Magnoliophyta;Plantae
Carijoa riisei;Clavulariidae;Alcyonacea;Anthozoa;Cnidaria;Animalia
Carpobrotus edulis;Aizoaceae;Caryophyllales;Magnoliopsida;Magnoliophyta;Plantae
Carpodacus mexicanus;Fringillidae;Passeriformes;Aves;Chordata;Animalia
Castilla elastica;Moraceae;Urticales;Magnoliopsida;Magnoliophyta;Plantae
Castor canadensis;Castoridae;Rodentia;Mammalia;Chordata;Animalia
Casuarina equisetifolia;Casuarinaceae;Casuarinales;Magnoliopsida;Magnoliophyta;Plantae
Caulerpa taxifolia;Caulerpaceae;Caulerpales;Chlorophyceae;Chlorophyta;Plantae
Caulerpa webbiana;Caulerpaceae;Caulerpales;Chlorophyceae;Chlorophyta;Plantae
Cavia porcellus;Caviidae;Rodentia;Mammalia;Chordata;Animalia
Cecropia peltata;Cecropiaceae;Urticales;Magnoliopsida;Magnoliophyta;Plantae
Cecropia schreberiana;Cecropiaceae;Urticales;Magnoliopsida;Magnoliophyta;Plantae
Cedrela odorata;Meliaceae;Sapindales;Magnoliopsida;Magnoliophyta;Plantae
Celastrus orbiculatus;Celastraceae;Celastrales;Magnoliopsida;Magnoliophyta;Plantae
Cenchrus ciliaris;Poaceae;Cyperales;Liliopsida;Magnoliophyta;Plantae
Cenchrus clandestinus;Poaceae;Cyperales;Liliopsida;Magnoliophyta;Plantae
Cenchrus echinatus;Poaceae;Cyperales;Liliopsida;Magnoliophyta;Plantae
Cenchrus macrourus;Poaceae;Cyperales;Liliopsida;Magnoliophyta;Plantae
Cenchrus polystachios;Poaceae;Cyperales;Liliopsida;Magnoliophyta;Plantae
Cenchrus setaceus;Poaceae;Cyperales;Liliopsida;Magnoliophyta;Plantae
Centaurea biebersteinii;Asteraceae;Asterales;Magnoliopsida;Magnoliophyta;Plantae
Centaurea diffusa;Asteraceae;Asterales;Magnoliopsida;Magnoliophyta;Plantae
Centaurea melitensis;Asteraceae;Asterales;Magnoliopsida;Magnoliophyta;Plantae
Centaurea solstitialis;Asteraceae;Asterales;Magnoliopsida;Magnoliophyta;Plantae
Cerastium fontanum;Caryophyllaceae;Caryophyllales;Magnoliopsida;Magnoliophyta;Plantae
Ceratitis capitata;Tephritidae;Diptera;Insecta;Arthropoda;Animalia
Ceratocystis platani;Ceratocystidaceae;Microascales;Sordariomycetes;Ascomycota;Fungi
Ceratophyllum demersum;Ceratophyllaceae;Nymphaeales;Magnoliopsida;Magnoliophyta;Plantae
Ceratostoma inornatum;Muricidae;Neogastropoda;Gastropoda;Mollusca;Animalia
Cercopagis pengoi;Cercopagidae;Diplostraca;Branchiopoda;Arthropoda;Animalia
Cercopithecus mona;Cercopithecidae;Primates;Mammalia;Chordata;Animalia
Cervus elaphus;Cervidae;Artiodactyla;Mammalia;Chordata;Animalia
Cervus elaphus subsp. canadensis;Cervidae;Artiodactyla;Mammalia;Chordata;Animalia
Cervus nippon;Cervidae;Artiodactyla;Mammalia;Chordata;Animalia
Cervus timorensis russa;Cervidae;Artiodactyla;Mammalia;Chordata;Animalia
Cestrum nocturnum;Solanaceae;Solanales;Magnoliopsida;Magnoliophyta;Plantae
Cestrum parqui;Solanaceae;Solanales;Magnoliopsida;Magnoliophyta;Plantae
Chamaeleo jacksonii;Chamaeleonidae;Squamata;Reptilia;Chordata;Animalia
Channa argus;Channidae;Perciformes;Actinopterygii;Chordata;Animalia
Channa marulius;Channidae;Perciformes;Actinopterygii;Chordata;Animalia
Charybdis hellerii;Portunidae;Decapoda;Malacostraca;Arthropoda;Animalia
Charybdis japonica;Portunidae;Decapoda;Malacostraca;Arthropoda;Animalia
Chromolaena odorata;Asteraceae;Asterales;Magnoliopsida;Magnoliophyta;Plantae
Chrysanthemoides monilifera;Asteraceae;Asterales;Magnoliopsida;Magnoliophyta;Plantae
Chrysobalanus icaco;Chrysobalanaceae;Rosales;Magnoliopsida;Magnoliophyta;Plantae
Chthamalus proteus;Chthamalidae;Sessilia;Maxillopoda;Arthropoda;Animalia
Cichla ocellaris;Cichlidae;Perciformes;Actinopterygii;Chordata;Animalia
Cichlasoma urophthalmus;Cichlidae;Perciformes;Actinopterygii;Chordata;Animalia
Cinara cupressi;Aphididae;Homoptera;Insecta;Arthropoda;Animalia
Cinchona pubescens;Rubiaceae;Rubiales;Magnoliopsida;Magnoliophyta;Plantae
Cinnamomum camphora;Lauraceae;Laurales;Magnoliopsida;Magnoliophyta;Plantae
Cinnamomum verum;Lauraceae;Laurales;Magnoliopsida;Magnoliophyta;Plantae
Ciona intestinalis;Cionidae;Enterogona;Ascidiacea;Chordata;Animalia
Cipangopaludina chinensis;Viviparidae;Architaenioglossa;Gastropoda;Mollusca;Animalia
Circus approximans;Accipitridae;Ciconiiformes;Aves;Chordata;Animalia
Cirsium arvense;Asteraceae;Asterales;Magnoliopsida;Magnoliophyta;Plantae
Cirsium vulgare;Asteraceae;Asterales;Magnoliopsida;Magnoliophyta;Plantae
Citharexylum spinosum;Verbenaceae;Lamiales;Magnoliopsida;Magnoliophyta;Plantae
Civettictis civetta;Viverridae;Carnivora;Mammalia;Chordata;Animalia
Clarias batrachus;Clariidae;Siluriformes;Actinopterygii;Chordata;Animalia
Clematis terniflora;Ranunculaceae;Ranunculales;Magnoliopsida;Magnoliophyta;Plantae
Clematis vitalba;Ranunculaceae;Ranunculales;Magnoliopsida;Magnoliophyta;Plantae
Clidemia hirta;Melastomataceae;Myrtales;Magnoliopsida;Magnoliophyta;Plantae
Coccinia grandis;Cucurbitaceae;Violales;Magnoliopsida;Magnoliophyta;Plantae
Codium fragile ssp. tomentosoides;Codiaceae;Bryopsidales;Chlorophyceae;Chlorophyta;Plantae
Colubrina asiatica;Rhamnaceae;Rhamnales;Magnoliopsida;Magnoliophyta;Plantae
Columba livia;Columbidae;Columbiformes;Aves;Chordata;Animalia
Commelina benghalensis;Commelinaceae;Commelinales;Liliopsida;Magnoliophyta;Plantae
Conyza floribunda;Asteraceae;Asterales;Magnoliopsida;Magnoliophyta;Plantae
Coptotermes formosanus;Rhinotermitidae;Isoptera;Insecta;Arthropoda;Animalia
Corbicula fluminea;Corbiculidae;Veneroida;Bivalvia;Mollusca;Animalia
Coronilla varia;Fabaceae;Fabales;Magnoliopsida;Magnoliophyta;Plantae
Cortaderia jubata;Poaceae;Cyperales;Liliopsida;Magnoliophyta;Plantae
Cortaderia selloana;Poaceae;Cyperales;Liliopsida;Magnoliophyta;Plantae
Corvus splendens;Corvidae;Passeriformes;Aves;Chordata;Animalia
Cotinus coggygria;Anacardiaceae;Sapindales;Magnoliopsida;Magnoliophyta;Plantae
Crassostrea gigas;Ostreidae;Ostreoida;Bivalvia;Mollusca;Animalia
Crassula helmsii;Crassulaceae;Rosales;Magnoliopsida;Magnoliophyta;Plantae
Crepidula fornicata;Calyptraeidae;Neotaenioglossa;Gastropoda;Mollusca;Animalia
Cricetomys gambianus;Muridae;Rodentia;Mammalia;Chordata;Animalia
Crocidura suaveolens;Soricidae;Insectivora;Mammalia;Chordata;Animalia
Cronartium ribicola;Cronartiaceae;Uredinales;Teliomycetes;Basidiomycota;Fungi
Cryphonectria parasitica;Valsaceae;Diaporthales;Sordariomycetes;Ascomycota;Fungi
Cryptococcus fagisuga;Eriococcidae;Hemiptera;Insecta;Arthropoda;Animalia
Cryptostegia grandiflora;Asclepiadaceae;Gentianales;Magnoliopsida;Magnoliophyta;Plantae
Cryptostegia madagascariensis;Asclepiadaceae;Gentianales;Magnoliopsida;Magnoliophyta;Plantae
Ctenopharyngodon idella;Cyprinidae;Cypriniformes;Actinopterygii;Chordata;Animalia
Ctenosaura similis;Iguanidae;Squamata;Reptilia;Chordata;Animalia
Cupaniopsis anacardioides;Sapindaceae;Sapindales;Magnoliopsida;Magnoliophyta;Plantae
Cuphea ignea;Lythraceae;Myrtales;Magnoliopsida;Magnoliophyta;Plantae
Cyathea cooperi;Cyatheaceae;Polypodiales;Filicopsida;Pteridophyta;Plantae
Cygnus olor;Anatidae;Anseriformes;Aves;Chordata;Animalia
Cylindroiulus latestriatus;Julidae;Julida;Diplopoda;Arthropoda;Animalia
Cynanchum rossicum;Asclepiadaceae;Gentianales;Magnoliopsida;Magnoliophyta;Plantae
Cynara cardunculus;Asteraceae;Asterales;Magnoliopsida;Magnoliophyta;Plantae
Cynictis penicillata;Herpestidae;Carnivora;Mammalia;Chordata;Animalia
Cynodon dactylon;Poaceae;Cyperales;Liliopsida;Magnoliophyta;Plantae
Cynoglossum officinale;Boraginaceae;Lamiales;Magnoliopsida;Magnoliophyta;Plantae
Cyperus rotundus;Cyperaceae;Cyperales;Liliopsida;Magnoliophyta;Plantae
Cyprinella lutrensis;Cyprinidae;Cypriniformes;Actinopterygii;Chordata;Animalia
Cyprinus carpio;Cyprinidae;Cypriniformes;Actinopterygii;Chordata;Animalia
Cytisus scoparius;Fabaceae;Fabales;Magnoliopsida;Magnoliophyta;Plantae
Cytisus striatus;Fabaceae;Fabales;Magnoliopsida;Magnoliophyta;Plantae
Dactylis glomerata;Poaceae;Cyperales;Liliopsida;Magnoliophyta;Plantae
Dalbergia sissoo;Fabaceae;Fabales;Magnoliopsida;Magnoliophyta;Plantae
Delairea odorata;Asteraceae;Asterales;Magnoliopsida;Magnoliophyta;Plantae
Dendrobaena octaedra;Lumbricidae;Haplotaxida;Clitellata;Annelida;Animalia
Dendroctonus valens;Curculionidae;Coleoptera;Insecta;Arthropoda;Animalia
Dendrodrilus rubidus;Lumbricidae;Haplotaxida;Clitellata;Annelida;Animalia
Dendrolimus sibiricus;Lasiocampidae;Lepidoptera;Insecta;Arthropoda;Animalia
Deroceras panormitanum;Spiraxidae;Stylommatophora;Gastropoda;Mollusca;Animalia
Diaphorina citri;Psyllidae;Hemiptera;Insecta;Arthropoda;Animalia
Dichrostachys cinerea;Fabaceae;Fabales;Magnoliopsida;Magnoliophyta;Plantae
Didemnum spp.;Didemnidae;Enterogona;Ascidiacea;Chordata;Animalia
Didymosphenia geminata;Gomphonemataceae;Cymbellales;Bacillariophyceae;Bacillariophyta;Plantae
Dioscorea bulbifera;Dioscoreaceae;Liliales;Liliopsida;Magnoliophyta;Plantae
Dioscorea oppositifolia;Dioscoreaceae;Liliales;Liliopsida;Magnoliophyta;Plantae
Dipogon lignosus;Fabaceae;Fabales;Magnoliopsida;Magnoliophyta;Plantae
Discula destructiva;Gnomoniaceae;Diaporthales;Sordariomycetes;Ascomycota;Fungi
Dreissena bugensis;Dreissenidae;Veneroida;Bivalvia;Mollusca;Animalia
Dreissena polymorpha;Dreissenidae;Veneroida;Bivalvia;Mollusca;Animalia
Duchesnea indica;Rosaceae;Rosales;Magnoliopsida;Magnoliophyta;Plantae
Dysdera crocata;Dysderidae;Araneae;Arachnida;Arthropoda;Animalia
Dyssodia tenuiloba;Asteraceae;Asterales;Magnoliopsida;Magnoliophyta;Plantae
Egeria densa;Hydrocharitaceae;Hydrocharitales;Liliopsida;Magnoliophyta;Plantae
Eichhornia crassipes;Pontederiaceae;Liliales;Liliopsida;Magnoliophyta;Plantae
Elaeagnus angustifolia;Elaeagnaceae;Rhamnales;Magnoliopsida;Magnoliophyta;Plantae
Elaeagnus pungens;Elaeagnaceae;Rhamnales;Magnoliopsida;Magnoliophyta;Plantae
Elaeagnus umbellata;Elaeagnaceae;Rhamnales;Magnoliopsida;Magnoliophyta;Plantae
Elaeis guineensis;Arecaceae;Arecales;Liliopsida;Magnoliophyta;Plantae
Elaphe guttata;Colubridae;Squamata;Reptilia;Chordata;Animalia
Elephantopus mollis;Asteraceae;Asterales;Magnoliopsida;Magnoliophyta;Plantae
Elettaria cardamomum;Zingiberaceae;Zingiberales;Liliopsida;Magnoliophyta;Plantae
Eleutherodactylus coqui;Leptodactylidae;Anura;Amphibia;Chordata;Animalia
Eleutherodactylus johnstonei;Leptodactylidae;Anura;Amphibia;Chordata;Animalia
Eleutherodactylus planirostris;Leptodactylidae;Anura;Amphibia;Chordata;Animalia
Elminius modestus;Balanidae;Sessilia;Maxillopoda;Arthropoda;Animalia
Elodea canadensis;Hydrocharitaceae;Hydrocharitales;Liliopsida;Magnoliophyta;Plantae
Epipremnum pinnatum;Araceae;Arales;Liliopsida;Magnoliophyta;Plantae
Equus asinus;Equidae;Perissodactyla;Mammalia;Chordata;Animalia
Equus caballus;Equidae;Perissodactyla;Mammalia;Chordata;Animalia
Erigeron karvinskianus;Asteraceae;Asterales;Magnoliopsida;Magnoliophyta;Plantae
Erinaceus europaeus;Erinaceidae;Lipotyphla;Mammalia;Chordata;Animalia
Eriobotrya japonica;Rosaceae;Rosales;Magnoliopsida;Magnoliophyta;Plantae
Eriocheir sinensis;Grapsidae;Decapoda;Malacostraca;Arthropoda;Animalia
Erodium cicutarium;Geraniaceae;Geraniales;Magnoliopsida;Magnoliophyta;Plantae
Erythrocebus patas;Cercopithecidae;Primates;Mammalia;Chordata;Animalia
Esox lucius;Esocidae;Esociformes;Actinopterygii;Chordata;Animalia
Estrilda astrild;Estrildidae;Passeriformes;Aves;Chordata;Animalia
Eugenia uniflora;Myrtaceae;Myrtales;Magnoliopsida;Magnoliophyta;Plantae
Euglandina rosea;Spiraxidae;Stylommatophora;Gastropoda;Mollusca;Animalia
Euonymus alata;Celastraceae;Celastrales;Magnoliopsida;Magnoliophyta;Plantae
Euonymus fortunei;Celastraceae;Celastrales;Magnoliopsida;Magnoliophyta;Plantae
Eupatorium cannabinum;Asteraceae;Asterales;Magnoliopsida;Magnoliophyta;Plantae
Euphorbia esula;Euphorbiaceae;Euphorbiales;Magnoliopsida;Magnoliophyta;Plantae
Euryops multifidus;Asteraceae;Asterales;Magnoliopsida;Magnoliophyta;Plantae
Falcataria moluccana;Fabaceae;Fabales;Magnoliopsida;Magnoliophyta;Plantae
Felis catus;Felidae;Carnivora;Mammalia;Chordata;Animalia
Ficopomatus enigmaticus;Serpulidae;Canalipalpata;Polychaeta;Annelida;Animalia
Ficus microcarpus;Moraceae;Urticales;Magnoliopsida;Magnoliophyta;Plantae
Ficus rubiginosa;Moraceae;Urticales;Magnoliopsida;Magnoliophyta;Plantae
Flacourtia indica;Flacourtiaceae;Violales;Magnoliopsida;Magnoliophyta;Plantae
Flemingia strobilifera;Fabaceae;Fabales;Magnoliopsida;Magnoliophyta;Plantae
Fragaria vesca;Rosaceae;Rosales;Magnoliopsida;Magnoliophyta;Plantae
Frangula alnus;Rhamnaceae;Rhamnales;Magnoliopsida;Magnoliophyta;Plantae
Fraxinus floribunda;Oleaceae;Scrophulariales;Magnoliopsida;Magnoliophyta;Plantae
Fuchsia boliviana;Onagraceae;Myrtales;Magnoliopsida;Magnoliophyta;Plantae
Fuchsia magellanica;Onagraceae;Myrtales;Magnoliopsida;Magnoliophyta;Plantae
Funtumia elastica;Apocynaceae;Gentianales;Magnoliopsida;Magnoliophyta;Plantae
Furcraea foetida;Agavaceae;Liliales;Liliopsida;Magnoliophyta;Plantae
Gallus gallus;Phasianidae;Galliformes;Aves;Chordata;Animalia
Gallus varius;Phasianidae;Galliformes;Aves;Chordata;Animalia
Gambusia affinis;Poeciliidae;Cyprinodontiformes;Actinopterygii;Chordata;Animalia
Gambusia holbrooki;Poeciliidae;Cyprinodontiformes;Actinopterygii;Chordata;Animalia
Gastrophryne carolinensis;	Microhylidae;Anura;Amphibia;Chordata;Animalia
Gemma gemma;Veneridae;Veneroida;Bivalvia;Mollusca;Animalia
Genetta genetta;Viverridae;Carnivora;Mammalia;Chordata;Animalia
Genista monspessulana;Fabaceae;Fabales;Magnoliopsida;Magnoliophyta;Plantae
Geukensia demissa;Mytilidae;Mytiloida;Bivalvia;Mollusca;Animalia
Glyceria maxima;Poaceae;Cyperales;Liliopsida;Magnoliophyta;Plantae
Glyptoperichthys gibbiceps;Loricariidae;Siluriformes;Actinopterygii;Chordata;Animalia
Gonipterus scutellatus;Curculionidae;Coleoptera;Insecta;Arthropoda;Animalia
Gracilaria gracilis;Gracilariaceae;Gigartinales;Rhodophyceae;Rhodophycota;Plantae
Gracilaria salicornia;Gracilariaceae;Gigartinales;Rhodophyceae;Rhodophycota;Plantae
Gracilaria vermiculophylla;Gracilariaceae;Gigartinales;Rhodophyceae;Rhodophycota;Plantae
Grevillea robusta;Proteaceae;Proteales;Magnoliopsida;Magnoliophyta;Plantae
Gunnera manicata;Gunneraceae;Haloragales;Magnoliopsida;Magnoliophyta;Plantae
Gunnera tinctoria;Gunneraceae;Haloragales;Magnoliopsida;Magnoliophyta;Plantae
Gymnocephalus cernuus;Percidae;Perciformes;Actinopterygii;Chordata;Animalia
Gymnocoronis spilanthoides;Asteraceae;Asterales;Magnoliopsida;Magnoliophyta;Plantae
Gymnodinium catenatum;Gymnodiniaceae;Gymnodiniales;Dinophyceae;Pyrrophycophyta;Plantae
Gymnorhina tibicen;Cracticidae;Passeriformes;Aves;Chordata;Animalia
Haematoxylum campechianum;Fabaceae;Fabales;Magnoliopsida;Magnoliophyta;Plantae
Halophila stipulacea;Hydrocharitaceae;Hydrocharitales;Liliopsida;Magnoliophyta;Plantae
Harmonia axyridis;Coccinellidae;Coleoptera;Insecta;Arthropoda;Animalia
Hedera helix;Alariaceae;Laminariales;Phaeophyceae;Phaeophycophyta;Plantae
Hedychium coccineum;Zingiberaceae;Zingiberales;Liliopsida;Magnoliophyta;Plantae
Hedychium coronarium;Zingiberaceae;Zingiberales;Liliopsida;Magnoliophyta;Plantae
Hedychium flavescens;Zingiberaceae;Zingiberales;Liliopsida;Magnoliophyta;Plantae
Hedychium gardnerianum;Zingiberaceae;Zingiberales;Liliopsida;Magnoliophyta;Plantae
Heliotropium curassavicum;Boraginaceae;Lamiales;Magnoliopsida;Magnoliophyta;Plantae
Helix aspersa;Helicidae;Stylommatophora;Gastropoda;Mollusca;Animalia
Hemiberlesia pitysophila;Diaspidae;Homoptera;Insecta;Arthropoda;Animalia
Hemidactylus frenatus;Gekkonidae;Squamata;Reptilia;Chordata;Animalia
Hemidactylus mabouia;Gekkonidae;Squamata;Reptilia;Chordata;Animalia
Hemigrapsus sanguineus;Varunidae;Decapoda;Malacostraca;Arthropoda;Animalia
Hemitragus jemlahicus;Bovidae;Artiodactyla;Mammalia;Chordata;Animalia
Heracleum mantegazzianum;Apiaceae;Apiales;Magnoliopsida;Magnoliophyta;Plantae
Herpestes javanicus;Herpestidae;Carnivora;Mammalia;Chordata;Animalia
Herpestes pulverulentus;Herpestidae;Carnivora;Mammalia;Chordata;Animalia
Heteropogon contortus;Poaceae;Cyperales;Liliopsida;Magnoliophyta;Plantae
Hieracium aurantiacum;Asteraceae;Asterales;Magnoliopsida;Magnoliophyta;Plantae
Hieracium floribundum;Asteraceae;Asterales;Magnoliopsida;Magnoliophyta;Plantae
Hieracium pilosella;Asteraceae;Asterales;Magnoliopsida;Magnoliophyta;Plantae
Hiptage benghalensis;Malpighiaceae;Polygalales;Magnoliopsida;Magnoliophyta;Plantae
Holcus lanatus;Poaceae;Cyperales;Liliopsida;Magnoliophyta;Plantae
Homalodisca vitripennis;Cicdellidae;Hemiptera;Insecta;Arthropoda;Animalia
Homo sapiens;Homonidae;Primates;Mammalia;Chordata;Animalia
Hoplochelus marginalis;Melolonthidae;Coleoptera;Insecta;Arthropoda;Animalia
Houttuynia cordata;Saururaceae;Piperales;Magnoliopsida;Magnoliophyta;Plantae
Hydrilla verticillata;Hydrocharitaceae;Hydrocharitales;Liliopsida;Magnoliophyta;Plantae
Hydrocharis morsus-ranae;Hydrocharitaceae;Hydrocharitales;Liliopsida;Magnoliophyta;Plantae
Hygrophila polysperma;Acanthaceae;Scrophulariales;Magnoliopsida;Magnoliophyta;Plantae
Hylastes ater;Curculionidae;Coleoptera;Insecta;Arthropoda;Animalia
Hypericum perforatum;Clusiaceae;Theales;Magnoliopsida;Magnoliophyta;Plantae
Hyphantria cunea;Arctiidae;Lepidoptera;Insecta;Arthropoda;Animalia
Hypnea musciformis;Hypneaceae;Gigartinales;Rhodophyceae;Rhodophycota;Plantae
Hypochaeris radicata;Asteraceae;Asterales;Magnoliopsida;Magnoliophyta;Plantae
Hypogastura purpurescens;Hypogastura;Collembola;Insecta;Arthropoda;Animalia
Hypogastura viatica;Hypogastura;Collembola;Insecta;Arthropoda;Animalia
Hypophthalmichthys molitrix;Cyprinidae;Cypriniformes;Actinopterygii;Chordata;Animalia
Hypophthalmichthys nobilis;Cyprinidae;Cypriniformes;Actinopterygii;Chordata;Animalia
Icerya purchasi;Margarodidae;Hemiptera;Insecta;Arthropoda;Animalia
Iguana iguana;Iguanidae;Squamata;Reptilia;Chordata;Animalia
Ilyanassa obsoleta;Nassariidae;Neogastropoda;Gastropoda;Mollusca;Animalia
Impatiens glandulifera;Balsaminaceae;Geraniales;Magnoliopsida;Magnoliophyta;Plantae
Impatiens walleriana;Balsaminaceae;Geraniales;Magnoliopsida;Magnoliophyta;Plantae
Imperata cylindrica;Poaceae;Cyperales;Liliopsida;Magnoliophyta;Plantae
Ipomoea aquatica;Convolvulaceae;Solanales;Magnoliopsida;Magnoliophyta;Plantae
Ipomoea cairica;Convolvulaceae;Solanales;Magnoliopsida;Magnoliophyta;Plantae
Ips typographus;Scolytidae;Coleoptera;Insecta;Arthropoda;Animalia
Iris pseudacorus;Iridaceae;Liliales;Liliopsida;Magnoliophyta;Plantae
Ischaemum polystachyum;Poaceae;Cyperales;Liliopsida;Magnoliophyta;Plantae
Ischaemum timorense;Poaceae;Cyperales;Liliopsida;Magnoliophyta;Plantae
Jatropha gossypiifolia;Euphorbiaceae;Euphorbiales;Magnoliopsida;Magnoliophyta;Plantae
Juncus tenuis;Juncaceae;Juncales;Liliopsida;Magnoliophyta;Plantae
Juniperus bermudiana;Cupressaceae;Coniferales;Coniferopsida;Coniferophyta;Plantae
Kalanchoe pinnata;Crassulaceae;Rosales;Magnoliopsida;Magnoliophyta;Plantae
Kappaphycus spp.;Solieriaceae;Gigartinales;Florideophiceae;Rhodophyta;Plantae
Kunzea ericoides;Myrtaceae;Myrtales;Magnoliopsida;Magnoliophyta;Plantae
Lachnellula willkommii;Hyaloscyphaceae;Helotiales;Leotiomycetes;Ascomycota;Fungi
Lagarosiphon major;Hydrocharitaceae;Hydrocharitales;Liliopsida;Magnoliophyta;Plantae
Lama guanicoe;Camelidae;Artiodactyla;Mammalia;Chordata;Animalia
Landoltia punctata;Lemnaceae;Arales;Liliopsida;Magnoliophyta;Plantae
Lantana camara;Verbenaceae;Lamiales;Magnoliopsida;Magnoliophyta;Plantae
Lasius neglectus;Formicidae;Hymenoptera;Insecta;Arthropoda;Animalia
Lates niloticus;Centropomidae;Perciformes;Actinopterygii;Chordata;Animalia
Launaea intybacea;Asteraceae;Asterales;Magnoliopsida;Magnoliophyta;Plantae
Leiothrix lutea;Sylviidae;Passeriformes;Aves;Chordata;Animalia
Lepidium latifolium;Brassicaceae;Capparales;Magnoliopsida;Magnoliophyta;Plantae
Lepidium virginicum;Brassicaceae;Capparales;Magnoliopsida;Magnoliophyta;Plantae
Lepus americanus;Leporidae;Lagomorpha;Mammalia;Chordata;Animalia
Lepus europaeus;Leporidae;Lagomorpha;Mammalia;Chordata;Animalia
Lespedeza cuneata;Fabaceae;Fabales;Magnoliopsida;Magnoliophyta;Plantae
Leucaena leucocephala;Fabaceae;Fabales;Magnoliopsida;Magnoliophyta;Plantae
Leuciscus idus;Cyprinidae;Cypriniformes;Actinopterygii;Chordata;Animalia
Ligustrum lucidum;Oleaceae;Scrophulariales;Magnoliopsida;Magnoliophyta;Plantae
Ligustrum robustum;Oleaceae;Scrophulariales;Magnoliopsida;Magnoliophyta;Plantae
Ligustrum sinense;Oleaceae;Scrophulariales;Magnoliopsida;Magnoliophyta;Plantae
Ligustrum vulgare;Oleaceae;Scrophulariales;Magnoliopsida;Magnoliophyta;Plantae
Limnocharis flava;Limnocharitaceae;Alismatales;Liliopsida;Magnoliophyta;Plantae
Limnoperna fortunei;Mytilidae;Mytiloida;Bivalvia;Mollusca;Animalia
Limnophila sessiliflora;Scrophulariaceae;Scrophulariales;Magnoliopsida;Magnoliophyta;Plantae
Linaria vulgaris;Scrophulariaceae;Scrophulariales;Magnoliopsida;Magnoliophyta;Plantae
Linepithema humile;Formicidae;Hymenoptera;Insecta;Arthropoda;Animalia
Linyphia triangularis;Linyphiidae;Araneae;Arachnida;Arthropoda;Animalia
Lithobates catesbeianus;Ranidae;Anura;Amphibia;Chordata;Animalia
Litoria aurea;Hylidae;Anura;Amphibia;Chordata;Animalia
Litsea glutinosa;Lauraceae;Laurales;Magnoliopsida;Magnoliophyta;Plantae
Littorina littorea;Littorinidae;Neotaenioglossa;Gastropoda;Mollusca;Animalia
Livistona chinensis;Arecaceae;Arecales;Liliopsida;Magnoliophyta;Plantae
Lonicera japonica;Caprifoliaceae;Dipsacales;Magnoliopsida;Magnoliophyta;Plantae
Lonicera maackii;Caprifoliaceae;Dipsacales;Magnoliopsida;Magnoliophyta;Plantae
Lotus corniculatus;Fabaceae;Fabales;Magnoliopsida;Magnoliophyta;Plantae
Ludwigia peruviana;Onagraceae;Myrtales;Magnoliopsida;Magnoliophyta;Plantae
Lumbricus rubellus;Lumbricidae;Haplotaxida;Clitellata;Annelida;Animalia
Lumbricus terrestris;Lumbricidae;Haplotaxida;Clitellata;Annelida;Animalia
Lutjanus kasmira;Lutjanidae;Perciformes;Actinopterygii;Chordata;Animalia
Luzula campestris;Juncaceae;Juncales;Liliopsida;Magnoliophyta;Plantae
Lycalopex griseus;Canidae;Carnivora;Mammalia;Chordata;Animalia
Lygodium japonicum;Lygodiaceae;Polypodiales;Filicopsida;Pteridophyta;Plantae
Lygodium microphyllum;Lygodiaceae;Polypodiales;Filicopsida;Pteridophyta;Plantae
Lymantria dispar;Lymantriidae;Lepidoptera;Insecta;Arthropoda;Animalia
Lythrum salicaria;Lythraceae;Myrtales;Magnoliopsida;Magnoliophyta;Plantae
Macaca fascicularis;Cercopithecidae;Primates;Mammalia;Chordata;Animalia
Macaca mulatta;Cercopithecidae;Primates;Mammalia;Chordata;Animalia
Macfadyena unguis-cati;Bignoniaceae;Scrophulariales;Magnoliopsida;Magnoliophyta;Plantae
Maconellicoccus hirsutus;Pseudococcidae;Hemiptera;Insecta;Arthropoda;Animalia
Martes melampus;Mustelidae;Carnivora;Mammalia;Chordata;Animalia
Melaleuca quinquenervia;Myrtaceae;Myrtales;Magnoliopsida;Magnoliophyta;Plantae
Melastoma candidum;Melastomataceae;Myrtales;Magnoliopsida;Magnoliophyta;Plantae
Melia azedarach;Meliaceae;Sapindales;Magnoliopsida;Magnoliophyta;Plantae
Melilotus alba;Fabaceae;Fabales;Magnoliopsida;Magnoliophyta;Plantae
Melinis minutiflora;Poaceae;Cyperales;Liliopsida;Magnoliophyta;Plantae
Merremia peltata;Convolvulaceae;Solanales;Magnoliopsida;Magnoliophyta;Plantae
Merremia tuberosa;Convolvulaceae;Solanales;Magnoliopsida;Magnoliophyta;Plantae
Miconia calvescens;Melastomataceae;Myrtales;Magnoliopsida;Magnoliophyta;Plantae
Micropterus salmoides;Centrarchidae;Perciformes;Actinopterygii;Chordata;Animalia
Microstegium vimineum;Poaceae;Cyperales;Liliopsida;Magnoliophyta;Plantae
Mikania micrantha;Asteraceae;Asterales;Magnoliopsida;Magnoliophyta;Plantae
Mimosa diplotricha;Fabaceae;Fabales;Magnoliopsida;Magnoliophyta;Plantae
Mimosa pigra;Fabaceae;Fabales;Magnoliopsida;Magnoliophyta;Plantae
Mimosa pudica;Fabaceae;Fabales;Magnoliopsida;Magnoliophyta;Plantae
Miscanthus sinensis;Poaceae;Cyperales;Liliopsida;Magnoliophyta;Plantae
Misgurnus anguillicaudatus;Cobitidae;Cypriniformes;Actinopterygii;Chordata;Animalia
Mnemiopsis leidyi;Mnemiidae;Lobata;Tentaculata;Ctenophora;Animalia
Molothrus ater;Icteridae;Passeriformes;Aves;Chordata;Animalia
Molothrus bonariensis;Icteridae;Passeriformes;Aves;Chordata;Animalia
Monomorium destructor;Formicidae;Hymenoptera;Insecta;Arthropoda;Animalia
Monomorium floricola;Formicidae;Hymenoptera;Insecta;Arthropoda;Animalia
Monomorium pharaonis;Formicidae;Hymenoptera;Insecta;Arthropoda;Animalia
Monopterus albus;Synbranchidae;Synbranchiformes;Actinopterygii;Chordata;Animalia
Montia fontana;Portulacaceae;Caryophyllales;Magnoliopsida;Magnoliophyta;Plantae
Morella faya;Myricaceae;Myricales;Magnoliopsida;Magnoliophyta;Plantae
Morone americana;Moronidae;Perciformes;Actinopterygii;Chordata;Animalia
Morus alba;Moraceae;Urticales;Magnoliopsida;Magnoliophyta;Plantae
Mus musculus;Muridae;Rodentia;Mammalia;Chordata;Animalia
Musculista senhousia;Mytilidae;Mytiloida;Bivalvia;Mollusca;Animalia
Mustela erminea;Mustelidae;Carnivora;Mammalia;Chordata;Animalia
Mustela furo;Mustelidae;Carnivora;Mammalia;Chordata;Animalia
Mustela nivalis;Mustelidae;Carnivora;Mammalia;Chordata;Animalia
Mya arenaria;Myidae;Myoida;Bivalvia;Mollusca;Animalia
Mycale grandis;Mycalidae;Poecilosclerida;Demospongiae;Porifera;Animalia
Myiopsitta monachus;Psittacidae;Psittaciformes;Aves;Chordata;Animalia
Myocastor coypus;Myocastoridae;Rodentia;Mammalia;Chordata;Animalia
Myriophyllum aquaticum;Haloragaceae;Haloragales;Magnoliopsida;Magnoliophyta;Plantae
Myriophyllum heterophyllum;Haloragaceae;Haloragales;Magnoliopsida;Magnoliophyta;Plantae
Myriophyllum spicatum;Haloragaceae;Haloragales;Magnoliopsida;Magnoliophyta;Plantae
Myrmica rubra;Formicidae;Hymenoptera;Insecta;Arthropoda;Animalia
Mytilopsis leucophaeata;Dreissenidae;Veneroida;Bivalvia;Mollusca;Animalia
Mytilopsis sallei;Dreissenidae;Veneroida;Bivalvia;Mollusca;Animalia
Mytilus galloprovincialis;Mytilidae;Mytiloida;Bivalvia;Mollusca;Animalia
Myxobolus cerebralis;Myxobolidae;Bivalvulida;Myxosporea;Myxozoa;Animalia
Najas minor;Najadaceae;Najadales;Liliopsida;Magnoliophyta;Plantae
Nassella neesiana;Poaceae;Cyperales;Liliopsida;Magnoliophyta;Plantae
Nassella tenuissima;Poaceae;Cyperales;Liliopsida;Magnoliophyta;Plantae
Nasua nasua;Procyonidae;Carnivora;Mammalia;Chordata;Animalia
Natrix maura;Colubridae;Squamata;Reptilia;Chordata;Animalia
Neogobius melanostomus;Gobiidae;Perciformes;Actinopterygii;Chordata;Animalia
Neonectria faginata;Nectriaceae;Hypocreales;Sordariomycetes;Ascomycota;Fungi
Neovison vison;Mustelidae;Carnivora;Mammalia;Chordata;Animalia
Nephrolepis cordifolia;Dryopteridaceae;Polypodiales;Filicopsida;Pteridophyta;Plantae
Neyraudia reynaudiana;Poaceae;Cyperales;Liliopsida;Magnoliophyta;Plantae
Nicotiana glauca;Solanaceae;Solanales;Magnoliopsida;Magnoliophyta;Plantae
Norops grahami;Polychrotidae;Squamata;Reptilia;Chordata;Animalia
Norops sagrei;Polychrotidae;Squamata;Reptilia;Chordata;Animalia
Nylanderia (=Paratrechina) pubens;Formicidae;Hymenoptera;Insecta;Arthropoda;Animalia
Nymphaea odorata;Nymphaeaceae;Nymphaeales;Magnoliopsida;Magnoliophyta;Plantae
Nymphoides peltata;Menyanthaceae;Solanales;Magnoliopsida;Magnoliophyta;Plantae
Nypa fruticans;Asteraceae;Asterales;Magnoliopsida;Magnoliophyta;Plantae
Ochlerotatus japonicus japonicus;Culicidae;Diptera;Insecta;Arthropoda;Animalia
Ocimum gratissimum;Lamiaceae;Lamiales;Magnoliopsida;Magnoliophyta;Plantae
Odocoileus virginianus;Cervidae;Artiodactyla;Mammalia;Chordata;Animalia
Oeceoclades maculata;Orchidaceae;Orchidales;Liliopsida;Magnoliophyta;Plantae
Olea europaea;Oleaceae;Scrophulariales;Magnoliopsida;Magnoliophyta;Plantae
Oncorhynchus mykiss;Salmonidae;Salmoniformes;Actinopterygii;Chordata;Animalia
Onopordum acanthium;Asteraceae;Asterales;Magnoliopsida;Magnoliophyta;Plantae
Oopterus soledadinus;Carabidae;Coleoptera;Insecta;Arthropoda;Animalia
Ophiostoma ulmi sensu lato;Ophiostomataceae;Ophiostomatales;Ascomycetes;Ascomycota;Fungi
Oplismenus undulatifolius;Poaceae;Cyperales;Liliopsida;Magnoliophyta;Plantae
Opuntia cochenillifera;Cactacea;Caryophyllales;Magnoliopsida;Magnoliophyta;Plantae
Opuntia ficus-indica;Cactacea;Caryophyllales;Magnoliopsida;Magnoliophyta;Plantae
Opuntia monacantha;Cactacea;Caryophyllales;Magnoliopsida;Magnoliophyta;Plantae
Opuntia stricta;Cactacea;Caryophyllales;Magnoliopsida;Magnoliophyta;Plantae
Oracella acuta;Pseudococcidae;Hemiptera;Insecta;Arthropoda;Animalia
Orconectes rusticus;Cambaridae;Decapoda;Malacostraca;Arthropoda;Animalia
Orconectes virilis;Cambaridae;Decapoda;Malacostraca;Arthropoda;Animalia
Oreochromis;Cichlidae;Perciformes;Actinopterygii;Chordata;Animalia
Oreochromis aureus;Cichlidae;Perciformes;Actinopterygii;Chordata;Animalia
Oreochromis mossambicus;Cichlidae;Perciformes;Actinopterygii;Chordata;Animalia
Oreochromis niloticus;Cichlidae;Perciformes;Actinopterygii;Chordata;Animalia
Orthezia insignis;Ortheziidae;Hemiptera;Insecta;Arthropoda;Animalia
Orthotomicus erosus;Scolytidae;Coleoptera;Insecta;Arthropoda;Animalia
Oryctes rhinoceros;Scarabaeidae;Coleoptera;Insecta;Arthropoda;Animalia
Oryctolagus cuniculus;Leporidae;Lagomorpha;Mammalia;Chordata;Animalia
Osteopilus septentrionalis;Hylidae;Anura;Amphibia;Chordata;Animalia
Ostrea edulis;Ostreidae;Ostreoida;Bivalvia;Mollusca;Animalia
Ovis ammon;Bovidae;Artiodactyla;Mammalia;Chordata;Animalia
Ovis aries;Bovidae;Artiodactyla;Mammalia;Chordata;Animalia
Oxalis corniculata;Oxalidaceae;Geraniales;Magnoliopsida;Magnoliophyta;Plantae
Oxalis latifolia;Oxalidaceae;Geraniales;Magnoliopsida;Magnoliophyta;Plantae
Oxalis pes-caprae;Oxalidaceae;Geraniales;Magnoliopsida;Magnoliophyta;Plantae
Oxycaryum cubense;Cyperaceae;Cyperales;Liliopsida;Magnoliophyta;Plantae
Oxyura jamaicensis;Anatidae;Anseriformes;Aves;Chordata;Animalia
Pachycondyla chinensis;Formicidae;Hymenoptera;Insecta;Arthropoda;Animalia
Pacifastacus leniusculus;Astacidae;Decapoda;Malacostraca;Arthropoda;Animalia
Paederia foetida;Rubiaceae;Rubiales;Magnoliopsida;Magnoliophyta;Plantae
Panicum repens;Poaceae;Cyperales;Liliopsida;Magnoliophyta;Plantae
Paratachardina pseudolobata;Kerriidae;Hemiptera;Insecta;Arthropoda;Animalia
Paratrechina longicornis;Formicidae;Hymenoptera;Insecta;Arthropoda;Animalia
Parthenium hysterophorus;Asteraceae;Asterales;Magnoliopsida;Magnoliophyta;Plantae
Paspalum scrobiculatum;Poaceae;Cyperales;Liliopsida;Magnoliophyta;Plantae
Paspalum urvillei;Poaceae;Cyperales;Liliopsida;Magnoliophyta;Plantae
Paspalum vaginatum;Poaceae;Cyperales;Liliopsida;Magnoliophyta;Plantae
Passer domesticus;Passeridae;Passeriformes;Aves;Chordata;Animalia
Passiflora edulis;Passifloraceae;Violales;Magnoliopsida;Magnoliophyta;Plantae
Passiflora foetida;Passifloraceae;Violales;Magnoliopsida;Magnoliophyta;Plantae
Passiflora maliformis;Passifloraceae;Violales;Magnoliopsida;Magnoliophyta;Plantae
Passiflora suberosa;Passifloraceae;Violales;Magnoliopsida;Magnoliophyta;Plantae
Passiflora tarminiana;Passifloraceae;Violales;Magnoliopsida;Magnoliophyta;Plantae
Pasteurella multocida;Pasteurellaceae;Pasteurellales;Gammaproteobacteria;Proteobacteria;Monera
Paulownia tomentosa;Scrophulariaceae;Scrophulariales;Magnoliopsida;Magnoliophyta;Plantae
Perca fluviatilis;Percidae;Perciformes;Actinopterygii;Chordata;Animalia
Perna perna;Mytilidae;Mytiloida;Bivalvia;Mollusca;Animalia
Perna viridis;Mytilidae;Mytiloida;Bivalvia;Mollusca;Animalia
Peromyscus fraterculus;Muridae;Rodentia;Mammalia;Chordata;Animalia
Peromyscus maniculatus;Muridae;Rodentia;Mammalia;Chordata;Animalia
Persicaria perfoliata;Polygonaceae;Polygonales;Magnoliopsida;Magnoliophyta;Plantae
Petrogale inornata;Macropodidae;Diprotodontia;Mammalia;Chordata;Animalia
Petromyzon marinus;Petromyzontidae;Petromyzontiformes;Cephalaspidomorphi;Chordata;Animalia
Phalanger orientalis;Phalangeridae;Diprotodontia;Mammalia;Chordata;Animalia
Phalaris arundinacea;Poaceae;Cyperales;Liliopsida;Magnoliophyta;Plantae
Phalloceros caudimaculatus;Poeciliidae;Cyprinodontiformes;Actinopterygii;Chordata;Animalia
Pheidole megacephala;Formicidae;Hymenoptera;Insecta;Arthropoda;Animalia
Phellinus noxius;Hymenochaetaceae;Aphyllophorales;Hymenomycetidae;Eumycota;Fungi
Philornis downsi;Muscidae;Diptera;Insecta;Arthropoda;Animalia
Phoenix canariensis;Arecaceae;Arecales;Liliopsida;Magnoliophyta;Plantae
Phormium tenax;Agavaceae;Liliales;Liliopsida;Magnoliophyta;Plantae
Phoxinus phoxinus;Cyprinidae;Cypriniformes;Actinopterygii;Chordata;Animalia
Phragmites australis;Poaceae;Cyperales;Liliopsida;Magnoliophyta;Plantae
Phyllorhiza punctata;Mastigiidae;Rhizostomeae;Scyphozoa;Cnidaria;Animalia
Phyllostachys flexuosa;Poaceae;Cyperales;Liliopsida;Magnoliophyta;Plantae
Phymatosorus scolopendria;	Polypodiaceae;Polypodiales;Filicopsida;Pteridophyta;Plantae
Physalis peruviana;Solanaceae;Solanales;Magnoliopsida;Magnoliophyta;Plantae
Phytophthora cinnamomi;Phytiaceae;Phythiales;Oomycetes;Oomycota;Fungi
Phytophthora lateralis;Phytiaceae;Phythiales;Oomycetes;Oomycota;Fungi
Phytophthora pinifolia;Phytiaceae;Phythiales;Oomycetes;Oomycota;Fungi
Phytophthora ramorum;Phytiaceae;Phythiales;Oomycetes;Oomycota;Fungi
Phytophthora taxon Agathis (PTA);Phytiaceae;Phythiales;Oomycetes;Oomycota;Fungi
Pimenta dioica;Myrtaceae;Myrtales;Magnoliopsida;Magnoliophyta;Plantae
Pinus;Pinaceae;Pinales;Pinopsida;Coniferophyta;Plantae
Pinus caribaea;Pinaceae;Pinales;Pinopsida;Coniferophyta;Plantae
Pinus pinaster;Pinaceae;Pinales;Pinopsida;Coniferophyta;Plantae
Piper aduncum;Piperaceae;Piperales;Magnoliopsida;Magnoliophyta;Plantae
Pistia stratiotes;Araceae;Arales;Liliopsida;Magnoliophyta;Plantae
Pitangus sulphuratus;Tyrannidae;Passeriformes;Aves;Chordata;Animalia
Pittosporum tenuifolium;Pittosporaceae;Rosales;Magnoliopsida;Magnoliophyta;Plantae
Pittosporum undulatum;Pittosporaceae;Rosales;Magnoliopsida;Magnoliophyta;Plantae
Pittosporum viridiflorum;Pittosporaceae;Rosales;Magnoliopsida;Magnoliophyta;Plantae
Plasmodium relictum;Plasmodiidae;Haemosporida;Aconoidasida;Apicomplexa;Protista
Platydemus manokwari;Geoplanidae;Tricladida;Turbellaria;Platyhelminthes;Animalia
Pluchea carolinensis;Asteraceae;Asterales;Magnoliopsida;Magnoliophyta;Plantae
Pluchea indica;Asteraceae;Asterales;Magnoliopsida;Magnoliophyta;Plantae
Poa annua;Poaceae;Cyperales;Liliopsida;Magnoliophyta;Plantae
Poa pratensis;Poaceae;Cyperales;Liliopsida;Magnoliophyta;Plantae
Podarcis sicula;Lacertidae;Squamata;Reptilia;Chordata;Animalia
Poecilia reticulata;Poeciliidae;Cyprinodontiformes;Actinopterygii;Chordata;Animalia
Polistes chinensis antennalis;Vespidae;Hymenoptera;Insecta;Arthropoda;Animalia
Polygala paniculata;Polygalaceae;Polygalales;Magnoliopsida;Magnoliophyta;Plantae
Polygonum cuspidatum;Polygonaceae;Polygonales;Magnoliopsida;Magnoliophyta;Plantae
Polysiphonia brodiei;Rhodomelaceae;Ceramiales;Rhodophyceae;Rhodophyta;Plantae
Pomacea canaliculata;Ampullariidae;Architaenioglossa;Gastropoda;Mollusca;Animalia
Pomacea insularum;Ampullariidae;Architaenioglossa;Gastropoda;Mollusca;Animalia
Pongo borneo;Homonidae;Primates;Mammalia;Chordata;Animalia
Populus alba;Salicaceae;Salicales;Magnoliopsida;Magnoliophyta;Plantae
Porcellio scaber;Porcellionidae;Isopoda;Malacostraca;Arthropoda;Animalia
Porphyrio porphyrio;Rallidae;Gruiformes;Aves;Chordata;Animalia
Potamocorbula amurensis;Corbulidae;Myoida;Bivalvia;Mollusca;Animalia
Potamogeton crispus;Potamogetonaceae;Najadales;Liliopsida;Magnoliophyta;Plantae
Potamogeton perfoliatus;Potamogetonaceae;Najadales;Liliopsida;Magnoliophyta;Plantae
Potamopyrgus antipodarum;Hydrobiidae;Neotaenioglossa;Gastropoda;Mollusca;Animalia
Procambarus clarkii;Cambaridae;Decapoda;Malacostraca;Arthropoda;Animalia
Procyon lotor;Procyonidae;Carnivora;Mammalia;Chordata;Animalia
Prosopis;Fabaceae;Fabales;Magnoliopsida;Magnoliophyta;Plantae
Prosopis glandulosa;Fabaceae;Fabales;Magnoliopsida;Magnoliophyta;Plantae
Prosopis juliflora;Fabaceae;Fabales;Magnoliopsida;Magnoliophyta;Plantae
Prunus campanulata;Rosaceae;Rosales;Magnoliopsida;Magnoliophyta;Plantae
Pseudodiaptomus inopinus;Pseudodiaptomidae;Calanoida;Maxillopoda;Arthropoda;Animalia
Psidium cattleianum;Myrtaceae;Myrtales;Magnoliopsida;Magnoliophyta;Plantae
Psidium guajava;Myrtaceae;Myrtales;Magnoliopsida;Magnoliophyta;Plantae
Psittacula krameri;Psittacidae;Psittaciformes;Aves;Chordata;Animalia
Psoralea pinnata;Fabaceae;Fabales;Magnoliopsida;Magnoliophyta;Plantae
Pteris cretica;Pteridaceae;Polypodiales;Filicopsida;Pteridophyta;Plantae
Pterois volitans;Scorpaenidae;Scorpaeniformes;Actinopterygii;Chordata;Animalia
Pterygoplichthys anisitsi;Loricariidae;Siluriformes;Actinopterygii;Chordata;Animalia
Pterygoplichthys disjunctivus;Loricariidae;Siluriformes;Actinopterygii;Chordata;Animalia
Pterygoplichthys multiradiatus;Loricariidae;Siluriformes;Actinopterygii;Chordata;Animalia
Pterygoplichthys pardalis;Loricariidae;Siluriformes;Actinopterygii;Chordata;Animalia
Pterygoplichthys spp.;Loricariidae;Siluriformes;Actinopterygii;Chordata;Animalia
Puccinia psidii;Pucciniaceae;Uredinales;Teliomycetes;Basidiomycota;Fungi
Pueraria montana var. lobata;Fabaceae;Fabales;Magnoliopsida;Magnoliophyta;Plantae
Pycnonotus cafer;Pycnonotidae;Passeriformes;Aves;Chordata;Animalia
Pycnonotus jocosus;Pycnonotidae;Passeriformes;Aves;Chordata;Animalia
Pylodictis olivaris;Ictaluridae;Siluriformes;Actinopterygii;Chordata;Animalia
Pyrus calleryana;Rosaceae;Rosales;Magnoliopsida;Magnoliophyta;Plantae
Python bivittatus;Pythonidae;Squamata;Reptilia;Chordata;Animalia
Quadrastichus erythrinae;Eulophidae;Hymenoptera;Insecta;Arthropoda;Animalia
Radumeris tasmaniensis;Scoliidae;Hymenoptera;Insecta;Arthropoda;Animalia
Raffaelea lauricola;Ophiostomataceae;Ophiostomatales;Sordariomycetes;Ascomycota;Fungi
Ramphotyphlops braminus;	Typhlopidae;Squamata;Reptilia;Chordata;Animalia
Rangia cuneata;Mactridae;Veneroida;Bivalvia;Mollusca;Animalia
Rangifer tarandus;Cervidae;Artiodactyla;Mammalia;Chordata;Animalia
Ranunculus ficaria;Ranunculaceae;Ranunculales;Magnoliopsida;Magnoliophyta;Plantae
Raoiella indica;Tenuipalpidae;Acariformes;Arachnida;Arthropoda;Animalia
Rapana venosa;Muricidae;Neogastropoda;Gastropoda;Mollusca;Animalia
Rattus exulans;Muridae;Rodentia;Mammalia;Chordata;Animalia
Rattus norvegicus;Muridae;Rodentia;Mammalia;Chordata;Animalia
Rattus rattus;Muridae;Rodentia;Mammalia;Chordata;Animalia
Rhamnus alaternus;Rhamnaceae;Rhamnales;Magnoliopsida;Magnoliophyta;Plantae
Rhamnus cathartica;Rhamnaceae;Rhamnales;Magnoliopsida;Magnoliophyta;Plantae
Rhinella marina;Bufonidae;Anura;Amphibia;Chordata;Animalia
Rhithropanopeus harrisii;Panopeidae;Decapoda;Malacostraca;Arthropoda;Animalia
Rhizophora mangle;Rhizophoraceae;Rhizophorales;Magnoliopsida;Magnoliophyta;Plantae
Rhododendron ponticum;Ericaceae;Ericales;Magnoliopsida;Magnoliophyta;Plantae
Rhodomyrtus tomentosa;Myrtaceae;Myrtales;Magnoliopsida;Magnoliophyta;Plantae
Rhus longipes;Anacardiaceae;Sapindales;Magnoliopsida;Magnoliophyta;Plantae
Ricinus communis;Euphorbiaceae;Euphorbiales;Magnoliopsida;Magnoliophyta;Plantae
Robinia pseudoacacia;Fabaceae;Fabales;Magnoliopsida;Magnoliophyta;Plantae
Rosa bracteata;Rosaceae;Rosales;Magnoliopsida;Magnoliophyta;Plantae
Rosa multiflora;Rosaceae;Rosales;Magnoliopsida;Magnoliophyta;Plantae
Rottboellia cochinchinensis;Poaceae;Cyperales;Liliopsida;Magnoliophyta;Plantae
Rubus alceifolius;Rosaceae;Rosales;Magnoliopsida;Magnoliophyta;Plantae
Rubus discolor;Rosaceae;Rosales;Magnoliopsida;Magnoliophyta;Plantae
Rubus ellipticus;Rosaceae;Rosales;Magnoliopsida;Magnoliophyta;Plantae
Rubus moluccanus;Rosaceae;Rosales;Magnoliopsida;Magnoliophyta;Plantae
Rubus niveus;Rosaceae;Rosales;Magnoliopsida;Magnoliophyta;Plantae
Rubus pinnatus;Rosaceae;Rosales;Magnoliopsida;Magnoliophyta;Plantae
Rubus rosifolius;Rosaceae;Rosales;Magnoliopsida;Magnoliophyta;Plantae
Ruellia brevifolia;Acanthaceae;Scrophulariales;Magnoliopsida;Magnoliophyta;Plantae
Rumex acetosella;Polygonaceae;Polygonales;Magnoliopsida;Magnoliophyta;Plantae
Rumex crispus;Polygonaceae;Polygonales;Magnoliopsida;Magnoliophyta;Plantae
Rumex obtusifolius;Polygonaceae;Polygonales;Magnoliopsida;Magnoliophyta;Plantae
Rupicapra rupicapra;Bovidae;Artiodactyla;Mammalia;Chordata;Animalia
Rusa unicolor;Cervidae;Artiodactyla;Mammalia;Chordata;Animalia
Rutilus rutilus;Cyprinidae;Cypriniformes;Actinopterygii;Chordata;Animalia
Sabella spallanzanii;Sabellidae;Canalipalpata;Polychaeta;Annelida;Animalia
Sacciolepis indica;Poaceae;Cyperales;Liliopsida;Magnoliophyta;Plantae
Sagina procumbens;Caryophyllaceae;Caryophyllales;Magnoliopsida;Magnoliophyta;Plantae
Sagittaria platyphylla;Alismataceae;Alismatales;Liliopsida;Magnoliophyta;Plantae
Sagittaria sagittifolia;Alismataceae;Alismatales;Liliopsida;Magnoliophyta;Plantae
Salix babylonica;Salicaceae;Malpighiales;Magnoliopsida;Magnoliophyta;Plantae
Salix cinerea;Salicaceae;Malpighiales;Magnoliopsida;Magnoliophyta;Plantae
Salix humboldtiana;Salicaceae;Malpighiales;Magnoliopsida;Magnoliophyta;Plantae
Salmo salar;Salmonidae;Salmoniformes;Actinopterygii;Chordata;Animalia
Salmo trutta;Salmonidae;Salmoniformes;Actinopterygii;Chordata;Animalia
Salsola tragus;Chenopodiaceae;Caryophyllales;Magnoliopsida;Magnoliophyta;Plantae
Salvelinus fontinalis;Salmonidae;Salmoniformes;Actinopterygii;Chordata;Animalia
Salvelinus namaycush;Salmonidae;Salmoniformes;Actinopterygii;Chordata;Animalia
Salvinia minima;Salviniaceae;Hydropteridales;Filicopsida;Pteridophyta;Plantae
Salvinia molesta;Salviniaceae;Hydropteridales;Filicopsida;Pteridophyta;Plantae
Samanea saman;Fabaceae;Fabales;Magnoliopsida;Magnoliophyta;Plantae
Sansevieria hyacinthoides;Liliaceae;Liliales;Liliopsida;Magnoliophyta;Plantae
Sansevieria trifasciata;Liliaceae;Liliales;Liliopsida;Magnoliophyta;Plantae
Sargassum fluitans;Sargassaceae;Fucales;Phaeophyceae;Phaeophycophyta;Plantae
Sargassum muticum;Sargassaceae;Fucales;Phaeophyceae;Phaeophycophyta;Plantae
Sarotherodon occidentalis;Cichlidae;Perciformes;Actinopterygii;Chordata;Animalia
Scaevola sericea;Goodeniaceae;Campanulales;Magnoliopsida;Magnoliophyta;Plantae
Scardinius erythrophthalmus;Cyprinidae;Cypriniformes;Actinopterygii;Chordata;Animalia
Schefflera actinophylla;Araliaceae;Apiales;Magnoliopsida;Magnoliophyta;Plantae
Schinus terebinthifolius;Anacardiaceae;Sapindales;Magnoliopsida;Magnoliophyta;Plantae
Schismus barbatus;Poaceae;Cyperales;Liliopsida;Magnoliophyta;Plantae
Schizoporella errata;Schizoporellidae;Cheilostomata;Gymnolaemata;Ectoprocta;Animalia
Schizoporella unicornis;Schizoporellidae;Cheilostomata;Gymnolaemata;Ectoprocta;Animalia
Scinax ruber;Hylidae;Anura;Amphibia;Chordata;Animalia
Scinax x-signatus;Hylidae;Anura;Amphibia;Chordata;Animalia
Sciurus carolinensis;Sciuridae;Rodentia;Mammalia;Chordata;Animalia
Scolopendra morsitans;Scolopendridae;Scolopendromorpha;Chilopoda;Arthropoda;Animalia
Scyphophorus acupunctatus;Curculionidae;Coleoptera;Insecta;Arthropoda;Animalia
Sechium edule;Cucurbitaceae;Violales;Magnoliopsida;Magnoliophyta;Plantae
Senecio angulatus;Asteraceae;Asterales;Magnoliopsida;Magnoliophyta;Plantae
Senecio inaequidens;Asteraceae;Asterales;Magnoliopsida;Magnoliophyta;Plantae
Senecio jacobaea;Asteraceae;Asterales;Magnoliopsida;Magnoliophyta;Plantae
Senecio squalidus;Asteraceae;Asterales;Magnoliopsida;Magnoliophyta;Plantae
Senecio viscosus;Asteraceae;Asterales;Magnoliopsida;Magnoliophyta;Plantae
Senecio vulgaris;Asteraceae;Asterales;Magnoliopsida;Magnoliophyta;Plantae
Senegalia catechu;Fabaceae;Fabales;Magnoliopsida;Magnoliophyta;Plantae
Sesbania punicea;Fabaceae;Fabales;Magnoliopsida;Magnoliophyta;Plantae
Setaria verticillata;Poaceae;Cyperales;Liliopsida;Magnoliophyta;Plantae
Simia apella;Cebidae;Primates;Mammalia;Chordata;Animalia
Sirex noctilio;Siricidae;Hymenoptera;Insecta;Arthropoda;Animalia
Solanum mauritianum;Solanaceae;Solanales;Magnoliopsida;Magnoliophyta;Plantae
Solanum seaforthianum;Solanaceae;Solanales;Magnoliopsida;Magnoliophyta;Plantae
Solanum sisymbriifolium;Solanaceae;Solanales;Magnoliopsida;Magnoliophyta;Plantae
Solanum tampicense;Solanaceae;Solanales;Magnoliopsida;Magnoliophyta;Plantae
Solanum torvum;Solanaceae;Solanales;Magnoliopsida;Magnoliophyta;Plantae
Solanum viarum;Solanaceae;Solanales;Magnoliopsida;Magnoliophyta;Plantae
Solenopsis geminata;Formicidae;Hymenoptera;Insecta;Arthropoda;Animalia
Solenopsis invicta;Formicidae;Hymenoptera;Insecta;Arthropoda;Animalia
Solenopsis papuana;Formicidae;Hymenoptera;Insecta;Arthropoda;Animalia
Solenopsis richteri;Formicidae;Hymenoptera;Insecta;Arthropoda;Animalia
Sonchus asper;Asteraceae;Asterales;Magnoliopsida;Magnoliophyta;Plantae
Sonchus oleraceus;Asteraceae;Asterales;Magnoliopsida;Magnoliophyta;Plantae
Sorghum halepense;Poaceae;Cyperales;Liliopsida;Magnoliophyta;Plantae
Spartina alterniflora;Poaceae;Cyperales;Liliopsida;Magnoliophyta;Plantae
Spartina anglica;Poaceae;Cyperales;Liliopsida;Magnoliophyta;Plantae
Spartina densiflora;Poaceae;Cyperales;Liliopsida;Magnoliophyta;Plantae
Sparus aurata;Sparidae;Perciformes;Actinopterygii;Chordata;Animalia
Spathodea campanulata;Bignoniaceae;Scrophulariales;Magnoliopsida;Magnoliophyta;Plantae
Spermacoce verticillata;Rubiaceae;Rubiales;Magnoliopsida;Magnoliophyta;Plantae
Sphaeroma quoianum (=S. quoyanum);Sphaeromatidae;Isopoda;Malacostraca;Arthropoda;Animalia
Sphagneticola trilobata;Asteraceae;Asterales;Magnoliopsida;Magnoliophyta;Plantae
Spiraea japonica;Rosaceae;Rosales;Magnoliopsida;Magnoliophyta;Plantae
Sporobolus africanus;Poaceae;Cyperales;Liliopsida;Magnoliophyta;Plantae
Stellaria alsine;Caryophyllaceae;Caryophyllales;Magnoliopsida;Magnoliophyta;Plantae
Stellaria media;Caryophyllaceae;Caryophyllales;Magnoliopsida;Magnoliophyta;Plantae
Streptopelia decaocto;Columbidae;Columbiformes;Aves;Chordata;Animalia
Striga asiatica;Scrophulariaceae;Scrophulariales;Magnoliopsida;Magnoliophyta;Plantae
Strobilanthes hamiltonianus;Acanthaceae;Scrophulariales;Magnoliopsida;Magnoliophyta;Plantae
Sturnus vulgaris;Sturnidae;Passeriformes;Aves;Chordata;Animalia
Styela clava;Styelidae;Pleurogona;Ascidiacea;Chordata;Animalia
Styela plicata;Styelidae;Pleurogona;Ascidiacea;Chordata;Animalia
Suncus murinus;Soricidae;Insectivora;Mammalia;Chordata;Animalia
Sus scrofa;Suidae;Artiodactyla;Mammalia;Chordata;Animalia
Syngonium podophyllum;Araceae;Arales;Liliopsida;Magnoliophyta;Plantae
Syzygium cumini;Myrtaceae;Myrtales;Magnoliopsida;Magnoliophyta;Plantae
Syzygium jambos;Myrtaceae;Myrtales;Magnoliopsida;Magnoliophyta;Plantae
Tabebuia heterophylla;Bignoniaceae;Scrophulariales;Magnoliopsida;Magnoliophyta;Plantae
Tamarix aphylla;Tamaricaceae;Violales;Magnoliopsida;Magnoliophyta;Plantae
Tamarix parviflora;Tamaricaceae;Violales;Magnoliopsida;Magnoliophyta;Plantae
Tamarix ramosissima;Tamaricaceae;Violales;Magnoliopsida;Magnoliophyta;Plantae
Tamias sibiricus;Sciuridae;Rodentia;Mammalia;Chordata;Animalia
Tapinoma melanocephalum;Formicidae;Hymenoptera;Insecta;Arthropoda;Animalia
Taraxacum officinale;Asteraceae;Asterales;Magnoliopsida;Magnoliophyta;Plantae
Technomyrmex albipes;Formicidae;Hymenoptera;Insecta;Arthropoda;Animalia
Tecoma capensis;Bignoniaceae;Scrophulariales;Magnoliopsida;Magnoliophyta;Plantae
Tecoma stans;Bignoniaceae;Scrophulariales;Magnoliopsida;Magnoliophyta;Plantae
Tenrec ecaudatus;Tenrecidae;Afrosoricida;Mammalia;Chordata;Animalia
Terminalia catappa;Combretaceae;Myrtales;Magnoliopsida;Magnoliophyta;Plantae
Tetropium fuscum;Cerambycidae;Coleoptera;Insecta;Arthropoda;Animalia
Thevetia peruviana;Apocynaceae;Gentianales;Magnoliopsida;Magnoliophyta;Plantae
Thunbergia grandiflora;Acanthaceae;Scrophulariales;Magnoliopsida;Magnoliophyta;Plantae
Tibouchina urvilleana;Melastomataceae;Myrtales;Magnoliopsida;Magnoliophyta;Plantae
Tilapia mariae;Cichlidae;Perciformes;Actinopterygii;Chordata;Animalia
Tilapia zillii;Cichlidae;Perciformes;Actinopterygii;Chordata;Animalia
Tinca tinca;Cyprinidae;Cypriniformes;Actinopterygii;Chordata;Animalia
Tithonia diversifolia;Asteraceae;Asterales;Magnoliopsida;Magnoliophyta;Plantae
Tomicus piniperda;Scolytidae;Coleoptera;Insecta;Arthropoda;Animalia
Toumeyella parvicornis;Coccidae;Hemiptera;Insecta;Arthropoda;Animalia
Trachemys scripta elegans;Emydidae;Testudines;Reptilia;Chordata;Animalia
Trachycarpus fortunei;Arecaceae;Arecales;Liliopsida;Magnoliophyta;Plantae
Tradescantia fluminensis;Commelinaceae;Commelinales;Liliopsida;Magnoliophyta;Plantae
Tradescantia spathacea;Commelinaceae;Commelinales;Liliopsida;Magnoliophyta;Plantae
Trapa natans;Trapaceae;Myrtales;Magnoliopsida;Magnoliophyta;Plantae
Trechisibus antarcticus;Carabidae;Coleoptera;Insecta;Arthropoda;Animalia
Triadica sebifera;Euphorbiaceae;Euphorbiales;Magnoliopsida;Magnoliophyta;Plantae
Trichosurus vulpecula;Phalangeridae;Marsupialia;Mammalia;Chordata;Animalia
Tridentiger trigonocephalus;Gobiidae;Perciformes;Actinopterygii;Chordata;Animalia
Trididemnum solidum;Didemnidae;Enterogona;Ascidiacea;Chordata;Animalia
Trifolium dubium;Fabaceae;Fabales;Magnoliopsida;Magnoliophyta;Plantae
Trifolium repens;Fabaceae;Fabales;Magnoliopsida;Magnoliophyta;Plantae
Triphasia trifolia;Rutaceae;Sapindales;Magnoliopsida;Magnoliophyta;Plantae
Troglodytes gorilla;Homonidae;Primates;Mammalia;Chordata;Animalia
Trogoderma granarium;Dermestidae;Coleoptera;Insecta;Arthropoda;Animalia
Tubastraea coccinea;Dendrophylliidae;Scleractinia;Anthozoa;Cnidaria;Animalia
Tussilago farfara;Asteraceae;Asterales;Magnoliopsida;Magnoliophyta;Plantae
Typha latifolia;Typhaceae;Typhales;Liliopsida;Magnoliophyta;Plantae
Ulex europaeus;Fabaceae;Fabales;Magnoliopsida;Magnoliophyta;Plantae
Undaria pinnatifida;Alariaceae;Laminariales;Phaeophyceae;Phaeophycophyta;Plantae
Uredo rangelii;Pucciniaceae;Uredinales;Pucciniomycetes;Basidiomycota;Fungi
Urochloa maxima;Poaceae;Cyperales;Liliopsida;Magnoliophyta;Plantae
Urochloa mutica;Poaceae;Cyperales;Liliopsida;Magnoliophyta;Plantae
Urosalpinx cinerea;Muricidae;Neogastropoda;Gastropoda;Mollusca;Animalia
Utricularia gibba;Lentibulariaceae;Scrophulariales;Magnoliopsida;Magnoliophyta;Plantae
Vachellia drepanolobium;Fabaceae;Fabales;Magnoliopsida;Magnoliophyta;Plantae
Vallisneria nana;Hydrocharitaceae;Hydrocharitales;Liliopsida;Magnoliophyta;Plantae
Vallisneria spiralis;Hydrocharitaceae;Hydrocharitales;Liliopsida;Magnoliophyta;Plantae
Varanus indicus;Varanidae;Squamata;Reptilia;Chordata;Animalia
Varanus niloticus;Varanidae;Squamata;Reptilia;Chordata;Animalia
Varroa destructor;Varroidae;Parasitiformes;Arachnida;Arthropoda;Animalia
Verbascum thapsus;Scrophulariaceae;Scrophulariales;Magnoliopsida;Magnoliophyta;Plantae
Verbena brasiliensis;Verbenaceae;Lamiales;Magnoliopsida;Magnoliophyta;Plantae
Verbena rigida;Verbenaceae;Lamiales;Magnoliopsida;Magnoliophyta;Plantae
Veronica serpyllifolia ssp. serpyllifolia;Plantaginaceae;Icacinales;Magnoliopsida;Magnoliophyta;Plantae
Vespa velutina nigrithorax;Vespidae;Hymenoptera;Insecta;Arthropoda;Animalia
Vespula germanica;Vespidae;Hymenoptera;Insecta;Arthropoda;Animalia
Vespula pensylvanica;Vespidae;Hymenoptera;Insecta;Arthropoda;Animalia
Vespula vulgaris;Vespidae;Hymenoptera;Insecta;Arthropoda;Animalia
Vibrio cholerae;Vibrionaceae;Vibrionales;Gammaproteobacteria;Proteobacteria;Monera
Vinca major;Apocynaceae;Gentianales;Magnoliopsida;Magnoliophyta;Plantae
Vitex rotundifolia;Verbenaceae;Lamiales;Magnoliopsida;Magnoliophyta;Plantae
Viverricula indica;Viverridae;Carnivora;Mammalia;Chordata;Animalia
Vulpes chama;Canidae;Carnivora;Mammalia;Chordata;Animalia
Vulpes vulpes;Canidae;Carnivora;Mammalia;Chordata;Animalia
Vulpia bromoides;Poaceae;Cyperales;Liliopsida;Magnoliophyta;Plantae
Wasmannia auropunctata;Formicidae;Hymenoptera;Insecta;Arthropoda;Animalia
Waterhousea floribunda;Myrtaceae;Myrtales;Magnoliopsida;Magnoliophyta;Plantae
Watersipora subtorquata;Watersiporidae;Cheilostomata;Gymnolaemata;Ectoprocta;Animalia
Wisteria floribunda;Fabaceae;Fabales;Magnoliopsida;Magnoliophyta;Plantae
Wisteria sinensis;Fabaceae;Fabales;Magnoliopsida;Magnoliophyta;Plantae
Xanthium spinosum;Asteraceae;Asterales;Magnoliopsida;Magnoliophyta;Plantae
Xanthomonas axonopodis pv.citri;Xanthomonadaceae;Xanthomonadales;Gammaproteobacteria;Proteobacteria;Monera
Xenopus laevis;Pipidae;Anura;Amphibia;Chordata;Animalia
Xiphophorus hellerii;Poeciliidae;Cyprinodontiformes;Actinopterygii;Chordata;Animalia
Xyleborus glabratus;Curculionidae;Coleoptera;Insecta;Arthropoda;Animalia
Xylella fastidiosa;Xanthomonadaceae;Xanthomonadales;Gammaproteobacteria;Proteobacteria;Monera
Xylosandrus compactus;Scolytidae;Coleoptera;Insecta;Arthropoda;Animalia
Xylosandrus mutilatus;Scolytidae;Coleoptera;Insecta;Arthropoda;Animalia
Yersinia pestis;Enterobacteriaceae;Enterobacteriales;Gammaproteobacteria;Proteobacteria;Monera
Zantedeschia aethiopica;Araceae;Arales;Liliopsida;Magnoliophyta;Plantae
Zizania latifolia;Poaceae;Cyperales;Liliopsida;Magnoliophyta;Plantae
Ziziphus mauritiana;Rhamnaceae;Rhamnales;Magnoliopsida;Magnoliophyta;Plantae
Zostera japonica;Zosteraceae;Najadales;Liliopsida;Magnoliophyta;Plantae
Zostera marina;Zosteraceae;Najadales;Liliopsida;Magnoliophyta;Plantae
Zosterops japonicus;Zosteropidae;Passeriformes;Aves;Chordata;Animalia
